ESTADO;ANO;População total;Homens;Mulheres;Nascimentos;Óbitos;Taxa de Crescimento Geométrico;Taxa Bruta de Natalidade;Taxa Bruta de Mortalidade;Esperança de Vida ao Nascer;Esperança de Vida ao Nascer - Homens;Esperança de Vida ao Nascer - Mulheres;Taxa de Mortalidade Infantil;Taxa de Mortalidade Infantil - Homens;Taxa de Mortalidade Infantil - Mulheres;Taxa de Fecundidade Total;Razão de Dependência - Jovens 0 a 14 anos;Razão de Dependência - Idosos 65 ou mais anos;Razão de Dependência;Índice de Envelhecimento
ACRE;2013;805014;403747;401267;17142;3930;1.64;21.29;4.88;72.89;69.66;76.56;19.18;20.93;17.34;2.41;54.34;7.16;61.5;13.1
ACRE;2014;818273;410212;408061;17857;3961;1.65;21.82;4.84;73.26;70.02;76.9;18.37;20.03;16.62;2.46;52.7;7.25;59.94;13.68
ACRE;2015;831665;416747;414918;17461;3995;1.64;21;4.8;73.61;70.37;77.23;17.63;19.21;15.97;2.37;51.14;7.35;58.48;14.24
ACRE;2016;844137;422813;421324;16068;4019;1.5;19.03;4.76;73.94;70.7;77.54;16.95;18.46;15.37;2.15;49.41;7.47;56.88;15.24
ACRE;2017;856457;428803;427654;17213;4061;1.46;20.1;4.74;74.25;71.01;77.83;16.34;17.78;14.83;2.26;47.74;7.6;55.34;15.96
ACRE;2018;869265;435044;434221;17136;4122;1.5;19.71;4.74;74.55;71.31;78.1;15.78;17.16;14.33;2.22;46.26;7.75;54.02;16.67
ACRE;2019;881935;441216;440719;17047;4178;1.46;19.33;4.74;74.83;71.6;78.36;15.27;16.6;13.88;2.18;44.96;7.92;52.89;17.69
ACRE;2020;894470;447320;447150;16975;4240;1.42;18.98;4.74;75.09;71.87;78.6;14.81;16.09;13.48;2.14;43.66;8.1;51.76;18.4
ALAGOAS;2013;3247527;1568655;1678872;54896;22782;0.52;16.9;7.02;70.44;65.78;75.28;24.03;25.47;22.51;1.88;42.28;9.73;52.01;23.02
ALAGOAS;2014;3263524;1574565;1688959;53428;22759;0.49;16.37;6.97;70.84;66.15;75.69;22.36;23.58;21.07;1.82;40.86;9.92;50.78;24.35
ALAGOAS;2015;3279222;1580342;1698880;53802;22771;0.48;16.41;6.94;71.23;66.53;76.07;20.86;21.89;19.77;1.83;39.56;10.13;49.69;25.76
ALAGOAS;2016;3293629;1585481;1708148;50391;22792;0.44;15.3;6.92;71.6;66.89;76.44;19.53;20.41;18.6;1.71;38.33;10.36;48.69;27.13
ALAGOAS;2017;3307532;1590391;1717141;52398;22863;0.42;15.84;6.91;71.97;67.24;76.8;18.34;19.09;17.55;1.77;37.18;10.61;47.79;28.57
ALAGOAS;2018;3322379;1595815;1726564;51984;22986;0.45;15.65;6.92;72.32;67.59;77.13;17.29;17.94;16.61;1.76;36.2;10.89;47.08;30.08
ALAGOAS;2019;3336911;1601112;1735799;51523;23106;0.44;15.44;6.92;72.65;67.93;77.46;16.37;16.93;15.78;1.75;35.36;11.18;46.54;31.54
ALAGOAS;2020;3351092;1606269;1744823;51049;23241;0.42;15.23;6.94;72.98;68.26;77.76;15.56;16.04;15.04;1.74;34.59;11.49;46.08;33.33
AMAPÁ;2013;744809;373140;371669;16591;3282;2.31;22.28;4.41;73.09;70.34;76.08;23.88;24.28;23.47;2.38;50.77;5.56;56.33;11.08
AMAPÁ;2014;762156;381800;380356;16746;3356;2.33;21.97;4.4;73.38;70.69;76.31;23.67;24.05;23.25;2.35;49.25;5.63;54.88;11.32
AMAPÁ;2015;779416;390417;388999;16681;3418;2.26;21.4;4.39;73.66;71.02;76.53;23.45;23.84;23.04;2.29;47.82;5.72;53.54;11.9
AMAPÁ;2016;796419;398904;397515;16484;3483;2.18;20.7;4.37;73.93;71.33;76.74;23.24;23.62;22.83;2.22;46.28;5.84;52.11;12.5
AMAPÁ;2017;813084;407218;405866;16264;3550;2.09;20;4.37;74.19;71.62;76.94;23.03;23.41;22.62;2.15;44.9;5.98;50.88;13.42
AMAPÁ;2018;829494;415402;414092;16239;3624;2.02;19.58;4.37;74.43;71.9;77.14;22.82;23.2;22.41;2.11;43.59;6.15;49.75;14.09
AMAPÁ;2019;845731;423498;422233;16202;3704;1.96;19.16;4.38;74.66;72.17;77.33;22.61;22.99;22.21;2.07;42.46;6.35;48.81;15.09
AMAPÁ;2020;861773;431494;430279;16139;3789;1.9;18.73;4.4;74.88;72.41;77.52;22.41;22.79;22;2.04;41.57;6.57;48.14;15.66
AMAZONAS;2013;3751293;1887797;1863496;83861;20356;1.82;22.36;5.43;71.17;67.98;74.7;20.03;22.04;17.91;2.46;49.68;6.56;56.24;13.21
AMAZONAS;2014;3819636;1921573;1898063;86433;20662;1.82;22.63;5.41;71.42;68.2;74.98;19.38;21.38;17.28;2.49;48.48;6.64;55.12;13.74
AMAZONAS;2015;3887740;1955183;1932557;84097;20954;1.78;21.63;5.39;71.67;68.42;75.25;18.77;20.76;16.69;2.39;47.46;6.74;54.2;14.29
AMAZONAS;2016;3952171;1986871;1965300;79746;21202;1.66;20.18;5.36;71.91;68.64;75.51;18.21;20.17;16.14;2.24;46.32;6.87;53.19;14.9
AMAZONAS;2017;4015812;2018116;1997696;83212;21533;1.61;20.72;5.36;72.14;68.86;75.77;17.67;19.62;15.62;2.31;45.4;7.02;52.42;15.44
AMAZONAS;2018;4080611;2049916;2030695;82900;21920;1.61;20.32;5.37;72.37;69.07;76.01;17.17;19.11;15.13;2.28;44.69;7.2;51.89;15.99
AMAZONAS;2019;4144597;2081262;2063335;82462;22295;1.57;19.9;5.38;72.59;69.27;76.25;16.7;18.62;14.68;2.25;44.09;7.4;51.49;16.84
AMAZONAS;2020;4207714;2112128;2095586;82049;22688;1.52;19.5;5.39;72.81;69.47;76.48;16.26;18.17;14.25;2.22;43.43;7.61;51.04;17.36
BAHIA;2013;14505033;7099339;7405694;208757;101360;0.44;14.39;6.99;72.73;68.4;77.36;19.86;21.05;18.62;1.63;35.75;11.33;47.08;31.69
BAHIA;2014;14565807;7121398;7444409;210147;102078;0.42;14.43;7.01;72.99;68.62;77.65;18.95;19.99;17.86;1.65;34.69;11.55;46.24;33.33
BAHIA;2015;14629018;7144691;7484327;213747;102965;0.43;14.61;7.04;73.23;68.83;77.92;18.11;19.02;17.15;1.68;33.77;11.78;45.55;34.91
BAHIA;2016;14689684;7166690;7522994;205329;103835;0.41;13.98;7.07;73.47;69.04;78.18;17.35;18.14;16.51;1.62;32.96;12.04;45;36.56
BAHIA;2017;14749868;7188472;7561396;213140;104810;0.41;14.45;7.11;73.71;69.25;78.43;16.64;17.35;15.91;1.69;32.26;12.31;44.57;38.12
BAHIA;2018;14812617;7211608;7601009;211097;105960;0.43;14.25;7.15;73.93;69.46;78.67;16.01;16.63;15.36;1.69;31.63;12.6;44.23;39.73
BAHIA;2019;14872858;7233509;7639349;208921;107095;0.41;14.05;7.2;74.15;69.66;78.9;15.43;15.97;14.85;1.68;31.05;12.92;43.97;41.67
BAHIA;2020;14930424;7254101;7676323;206595;108295;0.39;13.84;7.25;74.36;69.86;79.11;14.89;15.38;14.38;1.68;30.52;13.28;43.8;43.4
CEARÁ;2013;8792607;4280105;4512502;129636;61979;0.62;14.74;7.05;73.15;69.22;77.16;16.65;18.12;15.1;1.65;35.76;11.74;47.5;33.06
CEARÁ;2014;8847031;4304146;4542885;130986;62444;0.62;14.81;7.06;73.39;69.46;77.39;15.81;17.16;14.4;1.66;34.57;11.89;46.46;34.32
CEARÁ;2015;8905267;4330182;4575085;137806;62959;0.66;15.47;7.07;73.62;69.69;77.62;15.07;16.3;13.77;1.74;33.64;12.06;45.7;35.93
CEARÁ;2016;8962834;4355918;4606916;130201;63430;0.65;14.53;7.08;73.85;69.91;77.85;14.4;15.54;13.2;1.64;32.9;12.24;45.14;37
CEARÁ;2017;9018764;4380860;4637904;135072;63931;0.62;14.98;7.09;74.07;70.13;78.06;13.79;14.85;12.67;1.7;32.27;12.45;44.72;38.57
CEARÁ;2018;9076426;4406739;4669687;134319;64518;0.64;14.8;7.11;74.28;70.34;78.26;13.24;14.23;12.2;1.7;31.8;12.67;44.47;40
CEARÁ;2019;9132858;4432035;4700823;133350;65101;0.62;14.6;7.13;74.48;70.55;78.46;12.75;13.68;11.77;1.69;31.43;12.91;44.35;40.83
CEARÁ;2020;9187886;4456662;4731224;132295;65736;0.6;14.4;7.15;74.68;70.75;78.65;12.31;13.19;11.38;1.69;31.05;13.17;44.21;42.33
DISTRITO FEDERAL;2013;2763488;1325368;1438120;43078;11509;1.52;15.59;4.16;77.28;73.53;80.75;11.22;12.06;10.35;1.65;32.12;7.76;39.87;23.91
DISTRITO FEDERAL;2014;2805774;1346039;1459735;44406;11774;1.53;15.83;4.2;77.57;73.84;81.01;10.99;11.8;10.13;1.7;31.27;8.07;39.34;25.89
DISTRITO FEDERAL;2015;2848633;1367015;1481618;45095;12058;1.53;15.83;4.23;77.85;74.13;81.27;10.76;11.55;9.92;1.71;30.51;8.4;38.91;27.27
DISTRITO FEDERAL;2016;2890224;1387354;1502870;42755;12334;1.46;14.79;4.27;78.12;74.41;81.51;10.53;11.3;9.72;1.62;29.67;8.75;38.42;29.44
DISTRITO FEDERAL;2017;2931057;1407318;1523739;44484;12644;1.41;15.18;4.31;78.37;74.68;81.74;10.32;11.07;9.53;1.68;28.92;9.12;38.04;31.58
DISTRITO FEDERAL;2018;2972209;1427459;1544750;44364;12982;1.4;14.93;4.37;78.62;74.94;81.96;10.11;10.84;9.34;1.68;28.27;9.51;37.79;33.66
DISTRITO FEDERAL;2019;3012718;1447284;1565434;44210;13333;1.36;14.67;4.43;78.85;75.19;82.18;9.91;10.63;9.15;1.68;27.68;9.92;37.61;35.82
DISTRITO FEDERAL;2020;3052546;1466775;1585771;44045;13701;1.32;14.43;4.49;79.08;75.43;82.38;9.71;10.42;8.98;1.67;27.1;10.35;37.45;38.07
ESPIRITO SANTO;2013;3736386;1841035;1895351;56785;20396;1.27;15.2;5.46;77.14;73.19;81.31;10.14;11.6;8.6;1.8;32.29;10.97;43.26;34.22
ESPIRITO SANTO;2014;3784361;1864376;1919985;57964;20676;1.28;15.32;5.46;77.51;73.58;81.64;9.64;11.06;8.15;1.83;31.73;11.31;43.04;35.59
ESPIRITO SANTO;2015;3832826;1887984;1944842;58703;20979;1.28;15.32;5.47;77.85;73.95;81.95;9.19;10.56;7.74;1.85;31.29;11.69;42.98;37.44
ESPIRITO SANTO;2016;3879376;1910629;1968747;55091;21282;1.21;14.2;5.49;78.18;74.31;82.24;8.78;10.11;7.38;1.73;30.84;12.13;42.97;39.35
ESPIRITO SANTO;2017;3925341;1932993;1992348;58530;21624;1.18;14.91;5.51;78.49;74.65;82.5;8.42;9.71;7.06;1.84;30.52;12.61;43.13;41.31
ESPIRITO SANTO;2018;3972388;1955930;2016458;58342;22016;1.2;14.69;5.54;78.79;74.97;82.76;8.09;9.34;6.77;1.83;30.31;13.14;43.45;43.6
ESPIRITO SANTO;2019;4018650;1978483;2040167;58106;22419;1.16;14.46;5.58;79.06;75.27;82.99;7.79;9;6.52;1.83;30.12;13.71;43.83;45.45
ESPIRITO SANTO;2020;4064052;2000614;2063438;57810;22854;1.13;14.22;5.62;79.32;75.56;83.21;7.52;8.7;6.29;1.83;29.99;14.3;44.28;47.6
GOIÁS;2013;6417591;3186973;3230618;97318;38815;1.6;15.16;6.05;73.66;70.58;76.95;16.24;17.35;15.07;1.74;32.85;9.58;42.43;29
GOIÁS;2014;6520857;3237569;3283288;102095;39820;1.61;15.66;6.11;73.83;70.74;77.14;15.79;16.87;14.64;1.81;32.28;9.82;42.1;30.4
GOIÁS;2015;6625528;3288834;3336694;103506;40835;1.61;15.62;6.16;74;70.9;77.33;15.35;16.41;14.23;1.82;31.86;10.08;41.94;31.7
GOIÁS;2016;6726130;3337975;3388155;97279;41786;1.52;14.46;6.21;74.17;71.06;77.51;14.93;15.97;13.83;1.71;31.54;10.36;41.9;32.88
GOIÁS;2017;6824504;3385940;3438564;102373;42799;1.46;15;6.27;74.34;71.21;77.68;14.52;15.54;13.45;1.79;31.21;10.67;41.88;34.09
GOIÁS;2018;6923655;3434271;3489384;102288;43885;1.45;14.77;6.34;74.5;71.36;77.86;14.14;15.13;13.09;1.79;30.96;10.99;41.95;35.32
GOIÁS;2019;7020904;3481598;3539306;102081;44952;1.4;14.54;6.4;74.67;71.51;78.03;13.76;14.74;12.74;1.78;30.76;11.34;42.1;37.04
GOIÁS;2020;7116143;3527872;3588271;101776;46036;1.36;14.3;6.47;74.83;71.66;78.2;13.41;14.36;12.4;1.77;30.59;11.7;42.29;38.14
MARANHÃO;2013;6836179;3380783;3455396;119493;49221;0.55;17.48;7.2;69.68;65.98;73.67;24.75;27.29;22.07;1.91;45.8;9.78;55.58;21.43
MARANHÃO;2014;6875302;3396747;3478555;122820;49458;0.57;17.86;7.19;69.98;66.27;73.96;23.52;25.84;21.06;1.96;44.38;9.88;54.26;22.22
MARANHÃO;2015;6916244;3413714;3502530;122587;49714;0.6;17.72;7.19;70.28;66.56;74.25;22.37;24.5;20.12;1.95;43.14;10;53.14;23.05
MARANHÃO;2016;6955099;3429686;3525413;118069;49916;0.56;16.98;7.18;70.57;66.85;74.52;21.3;23.27;19.23;1.87;42.16;10.15;52.31;24.19
MARANHÃO;2017;6994148;3445834;3548314;122420;50195;0.56;17.5;7.18;70.85;67.14;74.79;20.32;22.14;18.41;1.95;41.39;10.33;51.73;24.91
MARANHÃO;2018;7035055;3463008;3572047;121386;50550;0.58;17.25;7.19;71.13;67.42;75.06;19.41;21.1;17.64;1.93;40.42;10.51;50.93;26.12
MARANHÃO;2019;7075181;3479859;3595322;120504;50877;0.57;17.03;7.19;71.41;67.69;75.32;18.58;20.14;16.93;1.91;39.39;10.68;50.08;27.1
MARANHÃO;2020;7114598;3496428;3618170;119620;51238;0.56;16.81;7.2;71.67;67.96;75.57;17.81;19.26;16.27;1.9;38.4;10.86;49.26;28.4
MATO GROSSO;2013;3226030;1643522;1582508;54405;17734;1.28;16.86;5.5;73.46;70.35;77.11;18.14;19.55;16.66;1.94;35.87;8.11;43.98;22.49
MATO GROSSO;2014;3269448;1664325;1605123;58730;18121;1.35;17.96;5.54;73.72;70.61;77.36;17.71;19.11;16.24;2.09;35.28;8.37;43.65;23.58
MATO GROSSO;2015;3314540;1685970;1628570;58678;18506;1.38;17.7;5.58;73.97;70.87;77.61;17.3;18.67;15.84;2.08;34.87;8.65;43.52;24.69
MATO GROSSO;2016;3356979;1706243;1650736;54277;18824;1.28;16.17;5.61;74.22;71.12;77.84;16.89;18.26;15.45;1.93;34.51;8.97;43.48;26.14
MATO GROSSO;2017;3398791;1726185;1672606;58267;19199;1.25;17.14;5.65;74.47;71.37;78.08;16.49;17.85;15.07;2.07;34.24;9.31;43.55;27.2
MATO GROSSO;2018;3441998;1746832;1695166;58015;19622;1.27;16.86;5.7;74.71;71.61;78.3;16.12;17.46;14.71;2.06;34.04;9.68;43.72;28.27
MATO GROSSO;2019;3484466;1767091;1717375;57774;20032;1.23;16.58;5.75;74.94;71.84;78.52;15.75;17.08;14.36;2.06;33.8;10.07;43.87;29.79
MATO GROSSO;2020;3526220;1786977;1739243;57571;20454;1.2;16.33;5.8;75.17;72.07;78.74;15.4;16.71;14.02;2.05;33.47;10.47;43.94;31.33
MATO GROSSO DO SUL;2013;2589069;1288460;1300609;43298;15337;1.24;16.72;5.92;74.71;71.3;78.44;15.42;16.66;14.12;1.97;35.11;10.38;45.49;29.46
MATO GROSSO DO SUL;2014;2621214;1303844;1317370;44872;15576;1.24;17.12;5.94;75;71.59;78.71;14.94;16.16;13.65;2.04;34.58;10.66;45.24;30.67
MATO GROSSO DO SUL;2015;2653928;1319520;1334408;45027;15819;1.25;16.97;5.96;75.28;71.86;78.97;14.48;15.69;13.2;2.04;34.2;10.97;45.17;32.2
MATO GROSSO DO SUL;2016;2685454;1334589;1350865;43089;16056;1.19;16.05;5.98;75.54;72.13;79.23;14.04;15.25;12.77;1.95;33.92;11.32;45.25;33.33
MATO GROSSO DO SUL;2017;2716534;1349434;1367100;44747;16321;1.16;16.47;6.01;75.8;72.39;79.47;13.62;14.82;12.37;2.03;33.75;11.71;45.46;34.48
MATO GROSSO DO SUL;2018;2748023;1364494;1383529;44573;16609;1.16;16.22;6.04;76.06;72.64;79.71;13.23;14.41;11.99;2.02;33.6;12.12;45.72;35.93
MATO GROSSO DO SUL;2019;2778986;1379290;1399696;44391;16906;1.13;15.97;6.08;76.3;72.88;79.94;12.86;14.03;11.62;2.02;33.42;12.55;45.96;37.55
MATO GROSSO DO SUL;2020;2809394;1393810;1415584;44180;17214;1.09;15.73;6.13;76.53;73.12;80.16;12.5;13.67;11.28;2.01;33.24;13;46.24;39.21
MINAS GERAIS;2013;20371328;10031255;10340073;263888;127286;0.67;12.95;6.25;76.41;73.46;79.43;12.56;13.33;11.75;1.56;30.07;12.65;42.71;42.18
MINAS GERAIS;2014;20508631;10098642;10409989;273083;129229;0.67;13.32;6.3;76.7;73.77;79.68;11.97;12.68;11.21;1.62;29.27;13.01;42.28;44.17
MINAS GERAIS;2015;20648978;10167615;10481363;273883;131286;0.68;13.26;6.36;76.97;74.06;79.93;11.41;12.08;10.71;1.62;28.63;13.42;42.04;46.53
MINAS GERAIS;2016;20780264;10231969;10548295;258888;133250;0.64;12.46;6.41;77.24;74.35;80.17;10.9;11.53;10.24;1.53;28.04;13.85;41.89;49.49
MINAS GERAIS;2017;20908628;10294859;10613769;272091;135431;0.62;13.01;6.48;77.49;74.62;80.4;10.42;11.02;9.79;1.62;27.59;14.33;41.92;52.06
MINAS GERAIS;2018;21040662;10359652;10681010;270645;137760;0.63;12.86;6.55;77.73;74.88;80.62;9.98;10.54;9.38;1.62;27.27;14.85;42.11;54.17
MINAS GERAIS;2019;21168791;10422468;10746323;268889;140135;0.61;12.7;6.62;77.96;75.13;80.84;9.56;10.11;8.99;1.61;27;15.4;42.4;56.84
MINAS GERAIS;2020;21292666;10483131;10809535;266845;142558;0.59;12.53;6.7;78.19;75.37;81.04;9.18;9.7;8.63;1.61;26.77;15.98;42.76;59.57
PARÁ;2013;8054419;4056010;3998409;147957;46204;1.18;18.37;5.74;71.51;67.94;75.55;18.26;20.71;15.67;2;45.57;7.67;53.23;16.84
PARÁ;2014;8149418;4101424;4047994;149988;46915;1.18;18.4;5.76;71.71;68.1;75.8;17.65;20.04;15.14;2.01;44.17;7.78;51.95;17.53
PARÁ;2015;8244575;4146782;4097793;149502;47667;1.17;18.13;5.78;71.91;68.25;76.05;17.09;19.42;14.65;1.99;42.9;7.91;50.82;18.31
PARÁ;2016;8334346;4189258;4145088;140422;48358;1.09;16.85;5.8;72.1;68.4;76.29;16.56;18.83;14.18;1.86;41.68;8.07;49.75;19.42
PARÁ;2017;8422634;4230858;4191776;147813;49179;1.06;17.55;5.84;72.29;68.55;76.52;16.07;18.27;13.75;1.94;40.56;8.26;48.82;20.15
PARÁ;2018;8513497;4273661;4239836;147080;50097;1.08;17.28;5.88;72.48;68.7;76.74;15.6;17.75;13.35;1.92;39.56;8.46;48.02;21.35
PARÁ;2019;8602865;4315587;4287278;146401;50996;1.05;17.02;5.93;72.66;68.85;76.95;15.17;17.26;12.97;1.91;38.61;8.68;47.29;22.52
PARÁ;2020;8690745;4356651;4334094;145701;51930;1.02;16.77;5.98;72.83;69;77.16;14.77;16.81;12.62;1.89;37.72;8.91;46.64;23.74
PARAÍBA;2013;3890494;1882569;2007925;54623;31163;0.39;14.04;8.01;72.29;68.4;76.16;19.02;19.27;18.75;1.63;35.73;13.21;48.94;37.08
PARAÍBA;2014;3910059;1891174;2018885;59128;31138;0.5;15.12;7.96;72.61;68.72;76.49;17.97;18.19;17.72;1.76;34.81;13.36;48.17;38.3
PARAÍBA;2015;3932537;1901265;2031272;60204;31114;0.57;15.31;7.91;72.93;69.03;76.8;17.01;17.22;16.79;1.79;34.05;13.52;47.57;39.83
PARAÍBA;2016;3953693;1910681;2043012;56213;31063;0.54;14.22;7.86;73.23;69.34;77.11;16.15;16.34;15.94;1.67;33.27;13.68;46.95;41.15
PARAÍBA;2017;3974437;1919893;2054544;59138;31064;0.52;14.88;7.82;73.53;69.63;77.4;15.37;15.56;15.17;1.76;32.57;13.86;46.42;42.79
PARAÍBA;2018;3996496;1929789;2066707;58711;31128;0.56;14.69;7.79;73.82;69.92;77.67;14.66;14.85;14.47;1.76;32.01;14.05;46.06;43.84
PARAÍBA;2019;4018127;1939480;2078647;58234;31211;0.54;14.49;7.77;74.09;70.2;77.94;14.03;14.21;13.85;1.75;31.52;14.26;45.78;45.37
PARAÍBA;2020;4039277;1948943;2090334;57747;31318;0.53;14.3;7.75;74.36;70.47;78.19;13.47;13.64;13.28;1.74;31.01;14.49;45.5;46.95
PARANÁ;2013;10908262;5357607;5550655;157654;65127;0.8;14.45;5.97;76.15;72.83;79.59;10.57;11.66;9.43;1.76;31.23;11.88;43.11;38.07
PARANÁ;2014;10997989;5399573;5598416;161822;66098;0.82;14.71;6.01;76.47;73.14;79.91;10.13;11.16;9.04;1.8;30.6;12.28;42.88;40.19
PARANÁ;2015;11089062;5442208;5646854;162151;67073;0.83;14.62;6.05;76.78;73.44;80.22;9.71;10.7;8.67;1.8;30.11;12.72;42.83;42.18
PARANÁ;2016;11176203;5482818;5693385;155766;68041;0.79;13.94;6.09;77.08;73.73;80.53;9.31;10.26;8.32;1.73;29.64;13.18;42.82;44.23
PARANÁ;2017;11261927;5522704;5739223;161199;69096;0.77;14.31;6.14;77.38;74.02;80.82;8.94;9.84;7.99;1.8;29.33;13.68;43.01;46.83
PARANÁ;2018;11348937;5563258;5785679;160383;70224;0.77;14.13;6.19;77.66;74.29;81.11;8.58;9.44;7.68;1.8;29.17;14.22;43.39;48.77
PARANÁ;2019;11433957;5602812;5831145;159377;71394;0.75;13.94;6.24;77.93;74.57;81.39;8.25;9.07;7.38;1.79;29.08;14.79;43.87;50.99
PARANÁ;2020;11516840;5641298;5875542;158324;72578;0.72;13.75;6.3;78.21;74.83;81.65;7.93;8.72;7.1;1.79;28.97;15.38;44.35;53.23
PERNAMBUCO;2013;9189504;4417869;4771635;143301;66007;0.69;15.59;7.18;72.6;68.47;76.69;14.85;16.65;12.96;1.79;36.84;11.46;48.3;31.05
PERNAMBUCO;2014;9252442;4446635;4805807;144476;65568;0.68;15.61;7.09;73.05;68.97;77.06;13.99;15.62;12.27;1.8;35.94;11.65;47.59;32.38
PERNAMBUCO;2015;9317744;4476794;4840950;146832;65289;0.71;15.76;7.01;73.48;69.46;77.41;13.26;14.75;11.7;1.83;35.17;11.86;47.03;33.89
PERNAMBUCO;2016;9377368;4504228;4873140;132090;65020;0.64;14.09;6.93;73.89;69.92;77.75;12.66;14.02;11.23;1.65;34.36;12.08;46.44;34.89
PERNAMBUCO;2017;9434839;4530736;4904103;141691;64932;0.61;15.02;6.88;74.27;70.36;78.06;12.14;13.4;10.83;1.77;33.67;12.32;45.99;36.36
PERNAMBUCO;2018;9496735;4559676;4937059;140497;65058;0.66;14.79;6.85;74.63;70.78;78.36;11.72;12.88;10.51;1.76;33.1;12.59;45.68;37.89
PERNAMBUCO;2019;9557517;4588206;4969311;139264;65214;0.64;14.57;6.82;74.98;71.17;78.65;11.37;12.44;10.24;1.75;32.56;12.87;45.44;39.29
PERNAMBUCO;2020;9617072;4616264;5000808;137972;65465;0.62;14.35;6.81;75.31;71.55;78.92;11.07;12.07;10.02;1.74;32.06;13.18;45.25;41.18
PIAUÍ;2013;3220646;1572901;1647745;47954;26145;0.25;14.89;8.12;70.5;66.51;74.64;21.07;22.25;19.83;1.69;38.39;11.58;49.97;30.08
PIAUÍ;2014;3228556;1574784;1653772;49307;26242;0.25;15.27;8.13;70.68;66.65;74.87;20.37;21.43;19.26;1.74;37.25;11.72;48.96;31.6
PIAUÍ;2015;3237691;1577300;1660391;50174;26376;0.28;15.5;8.15;70.87;66.79;75.1;19.72;20.68;18.71;1.77;36.24;11.87;48.12;32.65
PIAUÍ;2016;3246228;1579517;1666711;47904;26495;0.26;14.76;8.16;71.06;66.92;75.33;19.11;19.98;18.18;1.7;35.14;12.04;47.18;34.31
PIAUÍ;2017;3254626;1581671;1672955;49713;26652;0.26;15.27;8.19;71.23;67.06;75.54;18.53;19.33;17.68;1.77;34.23;12.24;46.47;35.9
PIAUÍ;2018;3263754;1584209;1679545;49251;26842;0.28;15.09;8.22;71.41;67.2;75.76;17.98;18.73;17.19;1.76;33.6;12.48;46.08;36.96
PIAUÍ;2019;3272447;1586538;1685909;48757;27027;0.27;14.9;8.26;71.59;67.34;75.97;17.46;18.16;16.73;1.75;33.04;12.74;45.78;38.33
PIAUÍ;2020;3280697;1588657;1692040;48296;27233;0.25;14.72;8.3;71.76;67.47;76.17;16.98;17.63;16.28;1.75;32.42;13;45.42;39.91
RIO DE JANEIRO;2013;16616344;7935688;8680656;222145;121022;0.64;13.37;7.28;75.24;71.53;78.76;12.71;13.65;11.71;1.65;28.89;13.73;42.62;47.29
RIO DE JANEIRO;2014;16726184;7989111;8737073;231533;122152;0.66;13.84;7.3;75.57;71.92;79.01;12.29;13.19;11.34;1.72;28.31;14.12;42.44;49.75
RIO DE JANEIRO;2015;16841138;8045483;8795655;234820;123326;0.69;13.94;7.32;75.88;72.29;79.26;11.89;12.75;10.98;1.75;27.92;14.55;42.48;52.04
RIO DE JANEIRO;2016;16947738;8097888;8849850;217232;124413;0.63;12.82;7.34;76.19;72.65;79.5;11.5;12.32;10.63;1.62;27.61;15.02;42.63;54.12
RIO DE JANEIRO;2017;17051465;8149121;8902344;231580;125689;0.61;13.58;7.37;76.48;73;79.73;11.12;11.91;10.3;1.74;27.44;15.53;42.97;56.77
RIO DE JANEIRO;2018;17159960;8203078;8956882;229633;127130;0.64;13.38;7.41;76.76;73.34;79.96;10.77;11.51;9.98;1.74;27.38;16.08;43.46;58.64
RIO DE JANEIRO;2019;17264943;8255502;9009441;227561;128550;0.61;13.18;7.45;77.03;73.66;80.17;10.42;11.14;9.67;1.73;27.32;16.67;43.99;61.05
RIO DE JANEIRO;2020;17366189;8306271;9059918;225240;130064;0.59;12.97;7.49;77.3;73.97;80.39;10.09;10.78;9.38;1.73;27.31;17.29;44.6;63.49
RIO GRANDE DO NORTE;2013;3332952;1627967;1704985;48992;21278;0.92;14.7;6.38;74.97;70.99;79.03;17.04;19.71;14.24;1.68;34.86;11.7;46.56;33.61
RIO GRANDE DO NORTE;2014;3363084;1642156;1720928;49875;21441;0.9;14.83;6.38;75.23;71.24;79.29;16.14;18.64;13.5;1.7;33.92;11.92;45.84;35.19
RIO GRANDE DO NORTE;2015;3393814;1656668;1737146;50605;21629;0.91;14.91;6.37;75.48;71.49;79.54;15.34;17.7;12.87;1.73;33.12;12.12;45.23;36.4
RIO GRANDE DO NORTE;2016;3422843;1670328;1752515;46897;21798;0.86;13.7;6.37;75.72;71.73;79.77;14.65;16.87;12.32;1.6;32.36;12.31;44.67;37.95
RIO GRANDE DO NORTE;2017;3450669;1683393;1767276;48628;21994;0.81;14.09;6.37;75.96;71.96;79.99;14.05;16.15;11.84;1.66;31.69;12.5;44.19;39.55
RIO GRANDE DO NORTE;2018;3479010;1696742;1782268;48442;22249;0.82;13.92;6.4;76.17;72.18;80.19;13.53;15.52;11.44;1.65;31.1;12.69;43.79;40.74
RIO GRANDE DO NORTE;2019;3506853;1709856;1796997;48223;22518;0.8;13.75;6.42;76.38;72.4;80.38;13.07;14.96;11.09;1.65;30.56;12.91;43.47;42.25
RIO GRANDE DO NORTE;2020;3534165;1722717;1811448;48008;22815;0.78;13.58;6.46;76.57;72.6;80.56;12.68;14.48;10.79;1.65;29.99;13.16;43.15;44.02
RIO GRANDE DO SUL;2013;11066527;5388825;5677702;142795;75163;0.47;12.9;6.79;76.92;73.43;80.33;10.45;11.19;9.68;1.66;28.56;14.65;43.21;51.26
RIO GRANDE DO SUL;2014;11119817;5414110;5705707;144622;76202;0.48;13.01;6.85;77.21;73.74;80.6;10.16;10.87;9.42;1.68;27.99;15.17;43.16;54.36
RIO GRANDE DO SUL;2015;11175777;5440822;5734955;149765;77259;0.5;13.4;6.91;77.5;74.05;80.85;9.88;10.56;9.16;1.74;27.55;15.73;43.28;57.29
RIO GRANDE DO SUL;2016;11229947;5466673;5763274;142699;78326;0.48;12.71;6.97;77.77;74.34;81.1;9.61;10.26;8.92;1.66;27.13;16.32;43.44;60.32
RIO GRANDE DO SUL;2017;11280193;5490567;5789626;143607;79417;0.45;12.73;7.04;78.04;74.63;81.35;9.34;9.98;8.68;1.68;26.86;16.96;43.82;63.1
RIO GRANDE DO SUL;2018;11329605;5514083;5815522;142839;80599;0.44;12.61;7.11;78.29;74.91;81.58;9.09;9.7;8.45;1.68;26.71;17.64;44.36;65.95
RIO GRANDE DO SUL;2019;11377239;5536738;5840501;141971;81803;0.42;12.48;7.19;78.55;75.18;81.81;8.85;9.44;8.23;1.68;26.58;18.36;44.94;69.4
RIO GRANDE DO SUL;2020;11422973;5558470;5864503;141012;83039;0.4;12.34;7.27;78.79;75.44;82.04;8.62;9.18;8.02;1.68;26.45;19.11;45.56;71.98
RONDÔNIA;2013;1657620;842425;815195;27176;10145;1.2;16.39;6.12;70.74;67.66;74.39;21.27;22.69;19.78;1.82;37.58;7.24;44.82;19.31
RONDÔNIA;2014;1677766;852003;825763;28794;10344;1.22;17.16;6.17;70.94;67.86;74.58;20.82;22.18;19.39;1.91;36.57;7.4;43.96;20.08
RONDÔNIA;2015;1698263;861751;836512;28352;10542;1.22;16.69;6.21;71.14;68.06;74.77;20.38;21.68;19.01;1.88;35.7;7.57;43.27;21.29
RONDÔNIA;2016;1717911;871055;846856;27557;10727;1.16;16.04;6.24;71.34;68.25;74.96;19.96;21.21;18.64;1.81;34.69;7.77;42.46;22.63
RONDÔNIA;2017;1737578;880360;857218;28859;10938;1.14;16.61;6.29;71.53;68.44;75.14;19.55;20.75;18.29;1.89;33.93;8;41.93;23.43
RONDÔNIA;2018;1757589;889834;867755;28762;11166;1.15;16.36;6.35;71.72;68.63;75.32;19.17;20.32;17.94;1.88;33.4;8.27;41.67;24.58
RONDÔNIA;2019;1777225;899108;878117;28634;11386;1.12;16.11;6.41;71.91;68.82;75.5;18.79;19.91;17.61;1.88;32.95;8.57;41.51;26.18
RONDÔNIA;2020;1796460;908169;888291;28488;11617;1.08;15.86;6.47;72.09;69;75.67;18.43;19.51;17.28;1.87;32.52;8.89;41.41;27.39
RORAIMA;2013;491066;249023;242043;10765;2597;2.24;21.92;5.29;70.57;68.06;73.44;17.76;17.55;17.99;2.39;48.57;5.69;54.26;11.75
RORAIMA;2014;501970;254398;247572;10941;2630;2.22;21.8;5.24;70.9;68.43;73.73;17.57;17.35;17.8;2.38;47.28;5.82;53.09;12.3
RORAIMA;2015;513328;260066;253262;10822;2665;2.26;21.08;5.19;71.22;68.78;74.02;17.39;17.16;17.62;2.3;46.09;5.96;52.05;12.87
RORAIMA;2016;525967;266538;259429;11173;2713;2.46;21.24;5.16;71.53;69.12;74.3;17.2;16.97;17.45;2.33;44.95;6.1;51.05;13.42
RORAIMA;2017;546885;278190;268695;11602;2799;3.98;21.21;5.12;71.84;69.45;74.57;17.02;16.78;17.27;2.34;43.42;6.18;49.59;14.14
RORAIMA;2018;576568;295323;281245;11994;2921;5.43;20.8;5.07;72.13;69.76;74.83;16.84;16.6;17.09;2.31;41.47;6.18;47.64;14.95
RORAIMA;2019;605761;312110;293651;12349;3045;5.06;20.39;5.03;72.41;70.06;75.09;16.66;16.42;16.92;2.28;39.76;6.21;45.97;15.81
RORAIMA;2020;631181;326495;304686;12564;3154;4.2;19.91;5;72.69;70.36;75.34;16.49;16.25;16.74;2.25;38.71;6.32;45.02;16.48
SANTA CATARINA;2013;6620186;3285585;3334601;91312;33596;1.37;13.79;5.07;78.06;74.73;81.45;10.12;10.87;9.34;1.64;28.66;10.76;39.43;37.38
SANTA CATARINA;2014;6710154;3330048;3380106;93965;34197;1.36;14;5.1;78.41;75.09;81.78;9.8;10.51;9.05;1.68;28.08;11.18;39.26;39.6
SANTA CATARINA;2015;6802306;3375630;3426676;97935;34862;1.37;14.4;5.13;78.74;75.44;82.1;9.49;10.16;8.77;1.74;27.7;11.64;39.33;42.21
SANTA CATARINA;2016;6894058;3421008;3473050;95489;35532;1.35;13.85;5.15;79.07;75.77;82.4;9.19;9.83;8.51;1.69;27.46;12.13;39.59;44.16
SANTA CATARINA;2017;6984749;3465841;3518908;98202;36261;1.32;14.06;5.19;79.37;76.09;82.69;8.9;9.51;8.25;1.74;27.36;12.68;40.04;46.67
SANTA CATARINA;2018;7075494;3510700;3564794;98093;37044;1.3;13.86;5.24;79.66;76.39;82.97;8.62;9.21;8.01;1.74;27.36;13.26;40.62;48.21
SANTA CATARINA;2019;7164788;3554814;3609974;97888;37857;1.26;13.66;5.28;79.94;76.68;83.24;8.36;8.92;7.77;1.74;27.35;13.86;41.21;50.52
SANTA CATARINA;2020;7252502;3598115;3654387;97598;38721;1.22;13.46;5.34;80.21;76.96;83.49;8.11;8.65;7.54;1.74;27.31;14.49;41.8;52.85
SÃO PAULO;2013;43528708;21206883;22321825;609461;254413;0.95;14;5.84;77.16;73.86;80.38;10.83;11.79;9.83;1.69;30.16;12.08;42.25;40.09
SÃO PAULO;2014;43937755;21407763;22529992;623424;257855;0.94;14.19;5.87;77.48;74.24;80.63;10.49;11.41;9.51;1.73;29.64;12.48;42.12;42.11
SÃO PAULO;2015;44356304;21614159;22742145;637209;261613;0.95;14.37;5.9;77.79;74.6;80.88;10.16;11.06;9.22;1.77;29.25;12.91;42.16;44.17
SÃO PAULO;2016;44760305;21813699;22946606;603412;265394;0.91;13.48;5.93;78.08;74.94;81.11;9.85;10.72;8.94;1.68;28.86;13.36;42.22;46.31
SÃO PAULO;2017;45149603;22006254;23143349;617221;269488;0.87;13.67;5.97;78.36;75.26;81.34;9.56;10.4;8.67;1.72;28.58;13.85;42.43;48.26
SÃO PAULO;2018;45538936;22199331;23339605;613637;274009;0.86;13.47;6.02;78.62;75.56;81.56;9.28;10.1;8.42;1.72;28.39;14.38;42.77;50.75
SÃO PAULO;2019;45919049;22388135;23530914;609658;278821;0.83;13.28;6.07;78.87;75.85;81.76;9.01;9.81;8.18;1.72;28.21;14.94;43.15;52.79
SÃO PAULO;2020;46289333;22572327;23717006;605336;283825;0.81;13.08;6.13;79.11;76.12;81.96;8.77;9.54;7.95;1.72;28.03;15.53;43.56;55.38
SERGIPE;2013;2173632;1054354;1119278;34768;14551;0.99;16;6.69;71.88;67.73;76.13;18.94;20.72;17.07;1.76;37.19;9.47;46.66;25.59
SERGIPE;2014;2195015;1063925;1131090;34804;14652;0.98;15.86;6.68;72.15;67.99;76.41;17.94;19.55;16.24;1.75;36.05;9.62;45.68;26.72
SERGIPE;2015;2216657;1073630;1143027;35543;14772;0.99;16.03;6.66;72.41;68.24;76.69;17.02;18.49;15.48;1.78;35.11;9.8;44.91;28.1
SERGIPE;2016;2237132;1082741;1154391;32745;14890;0.92;14.64;6.66;72.67;68.48;76.95;16.19;17.53;14.78;1.63;34.23;10;44.23;29.11
SERGIPE;2017;2257266;1091681;1165585;35167;15038;0.9;15.58;6.66;72.92;68.72;77.2;15.43;16.67;14.14;1.75;33.58;10.23;43.81;30.47
SERGIPE;2018;2278308;1101092;1177216;34930;15222;0.93;15.33;6.68;73.17;68.96;77.45;14.75;15.89;13.56;1.74;33.05;10.49;43.54;31.74
SERGIPE;2019;2298902;1110281;1188621;34679;15407;0.9;15.09;6.7;73.4;69.2;77.68;14.13;15.19;13.02;1.73;32.58;10.76;43.33;33.04
SERGIPE;2020;2319032;1119242;1199790;34418;15602;0.88;14.84;6.73;73.64;69.42;77.91;13.58;14.56;12.54;1.72;32.11;11.04;43.15;34.38
TOCANTINS;2013;1467474;743446;724028;25127;8908;1.22;17.12;6.07;72.52;69.62;75.85;17.43;17.63;17.22;1.92;41.23;9.25;50.48;22.26
TOCANTINS;2014;1485318;751758;733560;25956;8998;1.22;17.48;6.06;72.82;69.91;76.15;16.86;17.06;16.65;1.97;40.03;9.41;49.43;23.51
TOCANTINS;2015;1503482;760230;743252;25992;9095;1.22;17.29;6.05;73.11;70.19;76.44;16.32;16.52;16.11;1.96;39;9.58;48.58;24.43
TOCANTINS;2016;1520448;768086;752362;23787;9185;1.13;15.64;6.04;73.39;70.46;76.71;15.82;16.01;15.61;1.78;38.05;9.79;47.84;25.68
TOCANTINS;2017;1537350;775907;761443;26112;9303;1.11;16.99;6.05;73.65;70.72;76.98;15.34;15.54;15.14;1.94;37.2;10.01;47.22;26.88
TOCANTINS;2018;1555229;784227;771002;26045;9450;1.16;16.75;6.08;73.91;70.97;77.23;14.91;15.1;14.7;1.93;36.47;10.25;46.72;28.11
TOCANTINS;2019;1572866;792423;780443;25958;9592;1.13;16.5;6.1;74.15;71.21;77.47;14.49;14.69;14.29;1.92;35.8;10.51;46.31;29.39
TOCANTINS;2020;1590248;800489;789759;25863;9739;1.11;16.26;6.12;74.39;71.44;77.7;14.11;14.3;13.9;1.91;35.15;10.77;45.93;30.71
